{
    "now": "2024-08-24T09:32:27.434Z",
    "perfNow": 5938899.299999952,
    "diagnosticCorrelation": "d4a9d98d-5708-4a99-88be-7783632f81e0",
    "source": "DownloadSupportFiles",
    "environment": {
        "productName": "adf",
        "buildVersion": "1.0.080224.3",
        "environmentType": 3,
        "resourceName": "databricks-project-formula1",
        "resourceRegion": "eastus",
        "resourceGroup": "databrickscourse-rg",
        "subscriptionId": "67b90f57-e586-4eeb-9cad-6e45173ada63",
        "sessionId": "nWV6HfN0sCT3i8IJRHsRCo",
        "operationId": "",
        "gitType": "live",
        "loggingKey": "83e2c3ba-5a3c-4219-812d-2bfae9d58a93"
    },
    "additionalInfo": {
        "selectedResource": "pl_process_formula1",
        "selectedResourceType": "pipeline"
    }
}