{
    "name": "ls_formula1_project",
    "type": "Microsoft.DataFactory/factories/linkedservices",
    "properties": {
        "annotations": [],
        "type": "AzureDatabricks",
        "typeProperties": {
            "domain": "https://adb-3135083238415215.15.azuredatabricks.net",
            "authentication": "MSI",
            "workspaceResourceId": "/subscriptions/67b90f57-e586-4eeb-9cad-6e45173ada63/resourceGroups/databrickscourse-rg/providers/Microsoft.Databricks/workspaces/databrickscourse-ws",
            "existingClusterId": "0726-134219-vdwmmgo7"
        }
    }
}