{
    "name": "pl_ingestion_formula1_data",
    "properties": {
        "activities": [
            {
                "name": "Get Formula1 Data",
                "type": "GetMetadata",
                "dependsOn": [],
                "policy": {
                    "timeout": "0.12:00:00",
                    "retry": 0,
                    "retryIntervalInSeconds": 30,
                    "secureOutput": false,
                    "secureInput": false
                },
                "userProperties": [],
                "typeProperties": {
                    "dataset": {
                        "referenceName": "ds_formula1_raw",
                        "type": "DatasetReference",
                        "parameters": {
                            "p_window_end_date": {
                                "value": "@pipeline().parameters.P_window_end_date",
                                "type": "Expression"
                            }
                        }
                    },
                    "fieldList": [
                        "exists"
                    ],
                    "storeSettings": {
                        "type": "AzureBlobFSReadSettings",
                        "enablePartitionDiscovery": false
                    },
                    "formatSettings": {
                        "type": "JsonReadSettings"
                    }
                }
            },
            {
                "name": "If folder exists",
                "type": "IfCondition",
                "dependsOn": [
                    {
                        "activity": "Get Formula1 Data",
                        "dependencyConditions": [
                            "Completed"
                        ]
                    }
                ],
                "userProperties": [],
                "typeProperties": {
                    "expression": {
                        "value": "@activity('Get Formula1 Data').output.Exists",
                        "type": "Expression"
                    },
                    "ifTrueActivities": [
                        {
                            "name": "ingest circuits file",
                            "type": "DatabricksNotebook",
                            "dependsOn": [],
                            "policy": {
                                "timeout": "0.12:00:00",
                                "retry": 0,
                                "retryIntervalInSeconds": 30,
                                "secureOutput": false,
                                "secureInput": false
                            },
                            "userProperties": [],
                            "typeProperties": {
                                "notebookPath": "/Users/51810428@acu.edu.eg/project_formula1/ingestion/1.ingest_circuits_file",
                                "baseParameters": {
                                    "p_file_date": {
                                        "value": "@formatDateTime(pipeline().parameters.P_window_end_date,'yyy-MM-dd')",
                                        "type": "Expression"
                                    }
                                }
                            },
                            "linkedServiceName": {
                                "referenceName": "ls_formula1_project",
                                "type": "LinkedServiceReference"
                            }
                        },
                        {
                            "name": "ingest_races_file",
                            "type": "DatabricksNotebook",
                            "dependsOn": [],
                            "policy": {
                                "timeout": "0.12:00:00",
                                "retry": 0,
                                "retryIntervalInSeconds": 30,
                                "secureOutput": false,
                                "secureInput": false
                            },
                            "userProperties": [],
                            "typeProperties": {
                                "notebookPath": "/Users/51810428@acu.edu.eg/project_formula1/ingestion/2.ingest_races_file",
                                "baseParameters": {
                                    "p_file_date": {
                                        "value": "@formatDateTime(pipeline().parameters.P_window_end_date,'yyy-MM-dd')",
                                        "type": "Expression"
                                    }
                                }
                            },
                            "linkedServiceName": {
                                "referenceName": "ls_formula1_project",
                                "type": "LinkedServiceReference"
                            }
                        },
                        {
                            "name": "ingest_constructors_file",
                            "type": "DatabricksNotebook",
                            "dependsOn": [],
                            "policy": {
                                "timeout": "0.12:00:00",
                                "retry": 0,
                                "retryIntervalInSeconds": 30,
                                "secureOutput": false,
                                "secureInput": false
                            },
                            "userProperties": [],
                            "typeProperties": {
                                "notebookPath": "/Users/51810428@acu.edu.eg/project_formula1/ingestion/3.ingest_constructors_file",
                                "baseParameters": {
                                    "p_file_date": {
                                        "value": "@formatDateTime(pipeline().parameters.P_window_end_date,'yyy-MM-dd')",
                                        "type": "Expression"
                                    }
                                }
                            },
                            "linkedServiceName": {
                                "referenceName": "ls_formula1_project",
                                "type": "LinkedServiceReference"
                            }
                        },
                        {
                            "name": "ingest_drivers_file",
                            "type": "DatabricksNotebook",
                            "dependsOn": [],
                            "policy": {
                                "timeout": "0.12:00:00",
                                "retry": 0,
                                "retryIntervalInSeconds": 30,
                                "secureOutput": false,
                                "secureInput": false
                            },
                            "userProperties": [],
                            "typeProperties": {
                                "notebookPath": "/Users/51810428@acu.edu.eg/project_formula1/ingestion/4.ingest_drivers_file",
                                "baseParameters": {
                                    "p_file_date": {
                                        "value": "@formatDateTime(pipeline().parameters.P_window_end_date,'yyy-MM-dd')",
                                        "type": "Expression"
                                    }
                                }
                            },
                            "linkedServiceName": {
                                "referenceName": "ls_formula1_project",
                                "type": "LinkedServiceReference"
                            }
                        },
                        {
                            "name": "ingest_results_file",
                            "type": "DatabricksNotebook",
                            "dependsOn": [],
                            "policy": {
                                "timeout": "0.12:00:00",
                                "retry": 0,
                                "retryIntervalInSeconds": 30,
                                "secureOutput": false,
                                "secureInput": false
                            },
                            "userProperties": [],
                            "typeProperties": {
                                "notebookPath": "/Users/51810428@acu.edu.eg/project_formula1/ingestion/5.ingest_results_file.py",
                                "baseParameters": {
                                    "p_file_date": {
                                        "value": "@formatDateTime(pipeline().parameters.P_window_end_date,'yyy-MM-dd')",
                                        "type": "Expression"
                                    }
                                }
                            },
                            "linkedServiceName": {
                                "referenceName": "ls_formula1_project",
                                "type": "LinkedServiceReference"
                            }
                        },
                        {
                            "name": "ingest_pit_stops_file",
                            "type": "DatabricksNotebook",
                            "dependsOn": [],
                            "policy": {
                                "timeout": "0.12:00:00",
                                "retry": 0,
                                "retryIntervalInSeconds": 30,
                                "secureOutput": false,
                                "secureInput": false
                            },
                            "userProperties": [],
                            "typeProperties": {
                                "notebookPath": "/Users/51810428@acu.edu.eg/project_formula1/ingestion/6.ingest_pit_stops_file",
                                "baseParameters": {
                                    "p_file_date": {
                                        "value": "@formatDateTime(pipeline().parameters.P_window_end_date,'yyy-MM-dd')",
                                        "type": "Expression"
                                    }
                                }
                            },
                            "linkedServiceName": {
                                "referenceName": "ls_formula1_project",
                                "type": "LinkedServiceReference"
                            }
                        },
                        {
                            "name": "ngest_lap_times_file",
                            "type": "DatabricksNotebook",
                            "dependsOn": [],
                            "policy": {
                                "timeout": "0.12:00:00",
                                "retry": 0,
                                "retryIntervalInSeconds": 30,
                                "secureOutput": false,
                                "secureInput": false
                            },
                            "userProperties": [],
                            "typeProperties": {
                                "notebookPath": "/Users/51810428@acu.edu.eg/project_formula1/ingestion/7.ingest_lap_times_file",
                                "baseParameters": {
                                    "p_file_date": {
                                        "value": "@formatDateTime(pipeline().parameters.P_window_end_date,'yyy-MM-dd')",
                                        "type": "Expression"
                                    }
                                }
                            },
                            "linkedServiceName": {
                                "referenceName": "ls_formula1_project",
                                "type": "LinkedServiceReference"
                            }
                        },
                        {
                            "name": "ingest_qualifying_file",
                            "type": "DatabricksNotebook",
                            "dependsOn": [],
                            "policy": {
                                "timeout": "0.12:00:00",
                                "retry": 0,
                                "retryIntervalInSeconds": 30,
                                "secureOutput": false,
                                "secureInput": false
                            },
                            "userProperties": [],
                            "typeProperties": {
                                "notebookPath": "/Users/51810428@acu.edu.eg/project_formula1/ingestion/8.ingest_qualifying_file",
                                "baseParameters": {
                                    "p_file_date": {
                                        "value": "@formatDateTime(pipeline().parameters.P_window_end_date,'yyy-MM-dd')",
                                        "type": "Expression"
                                    }
                                }
                            },
                            "linkedServiceName": {
                                "referenceName": "ls_formula1_project",
                                "type": "LinkedServiceReference"
                            }
                        }
                    ]
                }
            }
        ],
        "concurrency": 1,
        "parameters": {
            "p_window_end_date": {
                "type": "string"
            }
        },
        "annotations": [],
        "lastPublishTime": "2024-08-23T21:52:43Z"
    },
    "type": "Microsoft.DataFactory/factories/pipelines"
}