{
    "now": "2024-08-24T09:32:22.353Z",
    "perfNow": 5933818.200000048,
    "diagnosticCorrelation": "8f2ffd0d-96f4-4fc7-990a-e9d8926751b1",
    "source": "DownloadSupportFiles",
    "environment": {
        "productName": "adf",
        "buildVersion": "1.0.080224.3",
        "environmentType": 3,
        "resourceName": "databricks-project-formula1",
        "resourceRegion": "eastus",
        "resourceGroup": "databrickscourse-rg",
        "subscriptionId": "67b90f57-e586-4eeb-9cad-6e45173ada63",
        "sessionId": "nWV6HfN0sCT3i8IJRHsRCo",
        "operationId": "",
        "gitType": "live",
        "loggingKey": "83e2c3ba-5a3c-4219-812d-2bfae9d58a93"
    },
    "additionalInfo": {
        "selectedResource": "pl_transformations_formula1_data",
        "selectedResourceType": "pipeline"
    }
}